test,CI,p.value,adj.p.value,rejected
pcm,"JNK _||_ p38 | PKA, PKC",2.661702636075347e-9,5.8557457993657636e-8,TRUE
gcm,"JNK _||_ p38 | PKA, PKC",1.281123220508995e-6,2.818471085119789e-5,TRUE
