direction,test,p.value,adj.p.value,rejected,dataset
JNK ⟂ p38 | PKA+PKC,gcm,0.000367445108517939,0.001102335325553816,TRUE,SIM_FAITHFUL
JNK ⟂ p38 | PKA+PKC,pcm,0.104155074114578,0.20831014822915583,FALSE,SIM_FAITHFUL
p38 ⟂ JNK | PKA+PKC,gcm,0.000179729881499502,7.189195259980075e-4,TRUE,SIM_FAITHFUL
p38 ⟂ JNK | PKA+PKC,pcm,0.718347657486903,0.7183476574869033,FALSE,SIM_FAITHFUL
