direction,test,p.value,adj.p.value,rejected,dataset
JNK ⟂ p38 | PKA+PKC,gcm,1.54164418997293e-06,3.08328837994587e-6,TRUE,REAL
JNK ⟂ p38 | PKA+PKC,pcm,5.67335853810524e-05,5.673358538105244e-5,TRUE,REAL
p38 ⟂ JNK | PKA+PKC,gcm,6.70412452108415e-07,2.011237356325246e-6,TRUE,REAL
p38 ⟂ JNK | PKA+PKC,pcm,2.66423748285227e-07,1.0656949931409088e-6,TRUE,REAL
