dataset,test,direction,p.value,adj.p.value,rejected
REAL,gcm,JNK ⟂ p38 | PKA+PKC,1.54164418997293e-06,3.08328837994587e-6,TRUE
REAL,pcm,JNK ⟂ p38 | PKA+PKC,5.67335853810524e-05,5.673358538105244e-5,TRUE
REAL,gcm,p38 ⟂ JNK | PKA+PKC,6.70412452108415e-07,2.011237356325246e-6,TRUE
REAL,pcm,p38 ⟂ JNK | PKA+PKC,2.66423748285227e-07,1.0656949931409088e-6,TRUE
SIM_FAITHFUL,gcm,JNK ⟂ p38 | PKA+PKC,0.000367445108517939,0.001102335325553816,TRUE
SIM_FAITHFUL,pcm,JNK ⟂ p38 | PKA+PKC,0.104155074114578,0.20831014822915583,FALSE
SIM_FAITHFUL,gcm,p38 ⟂ JNK | PKA+PKC,0.000179729881499502,7.189195259980075e-4,TRUE
SIM_FAITHFUL,pcm,p38 ⟂ JNK | PKA+PKC,0.718347657486903,0.7183476574869033,FALSE
