test,CI,p.value,adj.p.value,rejected
pcm,"JNK _||_ p38 | PKA, PKC",6.872889389830661e-7,1.5120356657627454e-5,TRUE
gcm,"JNK _||_ p38 | PKA, PKC",2.1473607023647645e-6,4.724193545202482e-5,TRUE
