test,CI,p.value,adj.p.value,rejected
pcm,"JNK _||_ p38 | PKA, PKC",9.321937111117506e-9,2.0508261644458514e-7,TRUE
gcm,"JNK _||_ p38 | PKA, PKC",9.314078256439373e-7,2.049097216416662e-5,TRUE
